episode,agent_RL_Agent_0_rolling_reward_var,agent_RL_Agent_0_entropy,agent_RL_Agent_0_greedy_entropy,agent_RL_Agent_1_rolling_reward_var,agent_RL_Agent_1_entropy,agent_RL_Agent_1_greedy_entropy,agent_RL_Agent_2_rolling_reward_var,agent_RL_Agent_2_entropy,agent_RL_Agent_2_greedy_entropy,agent_RL_Agent_3_rolling_reward_var,agent_RL_Agent_3_entropy,agent_RL_Agent_3_greedy_entropy,agent_RL_Agent_4_rolling_reward_var,agent_RL_Agent_4_entropy,agent_RL_Agent_4_greedy_entropy,agent_RL_Agent_5_rolling_reward_var,agent_RL_Agent_5_entropy,agent_RL_Agent_5_greedy_entropy,agent_RL_Agent_6_rolling_reward_var,agent_RL_Agent_6_entropy,agent_RL_Agent_6_greedy_entropy,agent_Cost Plus Markup Baseline Agent_rolling_reward_var,agent_Cost Plus Markup Baseline Agent_entropy,agent_Quantile Baseline Agent_rolling_reward_var,agent_Quantile Baseline Agent_entropy
0,,0.8003,0.7408,,0.8194,0.737,,0.8221,0.7009,,0.7918,0.7057,,0.7803,0.6995,,0.7595,0.7096,,0.7289,0.6701,,-0.0,,0.4312
1,47781572.14109448,0.7125,0.7103,33163893.107551888,0.755,0.7571,16970808.24029083,0.7223,0.7189,16042863.023194224,0.706,0.7078,18843921.941968486,0.6751,0.6748,5334860.7369025955,0.711,0.7118,30490576.173915282,0.6773,0.6747,372656.3522249969,-0.0,21118699.663215052,0.4312
2,34655912.73760003,0.7079,0.7079,26909615.685961775,0.7495,0.7513,30788241.18669156,0.7164,0.7164,28511609.223549716,0.7033,0.7033,13039489.043839695,0.6791,0.6725,5277037.29930798,0.7102,0.7102,36597880.151208654,0.6787,0.6787,170443528.38395837,-0.0,14035614.018927881,0.4312
3,32688601.80917181,0.7053,0.7053,26292759.9301807,0.7489,0.7489,73096066.59149116,0.7141,0.7141,53498352.90721649,0.7014,0.7014,37453563.4241085,0.671,0.671,7971400.023219814,0.7062,0.7062,37823763.65751421,0.6768,0.6768,125335842.8089983,-0.0,15736549.127862632,0.4312
4,29115027.109110504,0.7046,0.7046,21532108.881258447,0.7547,0.7547,56932610.7786969,0.7204,0.7204,46440703.74495568,0.7029,0.7029,30508771.293911394,0.6709,0.6709,6094921.750043352,0.7095,0.7095,32964048.03241647,0.6748,0.6748,94545891.03758954,-0.0,12154123.969562827,0.4316
5,53542231.51404144,0.7013,0.7013,58666866.951970235,0.7541,0.7541,79325741.16029292,0.7237,0.7237,55575801.54608227,0.699,0.699,50547552.459128596,0.6694,0.6694,15111258.013923433,0.708,0.708,89500142.43530738,0.6752,0.6752,187276047.20691094,-0.0,99280301.05403344,0.4317
6,185026781.53531492,0.705,0.705,193078166.7501513,0.7493,0.7493,350940443.45199734,0.7234,0.7234,269543329.6735493,0.7007,0.7007,125877559.70799701,0.6646,0.6646,87170194.00622164,0.7164,0.7164,170226203.8344359,0.6853,0.6853,782437674.2922968,-0.0,607084841.5550693,0.4316
7,398818700.9658435,0.7167,0.7151,530963747.8266884,0.756,0.7584,1490763918.088199,0.7329,0.7329,1430440919.8021982,0.7104,0.7104,493792761.5904518,0.6741,0.6725,359911601.6229348,0.7252,0.7252,393442073.2655259,0.6945,0.6922,3001132260.326417,-0.0,2380196165.9079924,0.4312
8,461103114.1462055,0.7176,0.7176,615845048.0840503,0.756,0.756,2171497832.362006,0.7377,0.7377,2291452402.057019,0.7119,0.7119,703189568.2749686,0.6737,0.6737,477051854.6492802,0.7226,0.7226,432732745.76431453,0.697,0.697,4038896659.3880863,-0.0,3183270707.92445,0.4312
9,485132506.98679185,0.715,0.715,674463713.2767195,0.7492,0.7492,2475202931.9477596,0.733,0.733,2765861954.408344,0.7053,0.7053,811859158.696888,0.6687,0.6687,516389210.309524,0.7145,0.7145,460511611.50260854,0.6963,0.6963,4654699911.495571,-0.0,3730154200.2248783,0.4312
10,446130203.5606882,0.7178,0.7178,656785547.9468724,0.7479,0.7479,2618675408.604377,0.7301,0.7301,2898799493.3955894,0.7036,0.7036,804855553.2952348,0.6633,0.6633,489399520.42609346,0.7085,0.7085,431158059.04009354,0.6985,0.6985,4658324180.274516,-0.0,3687993062.09533,0.4312
11,421271077.7918104,0.7187,0.7187,638453688.6078839,0.7541,0.7541,2565132001.0206795,0.7327,0.7327,2855085604.6542645,0.7065,0.7065,775915112.1788162,0.6648,0.6648,464973205.9832056,0.7114,0.7114,418819150.64486444,0.6966,0.6966,4524853912.256066,-0.0,3633615320.534625,0.4316
12,393274315.1565066,0.723,0.723,613745591.214336,0.7599,0.7599,2497184228.8028073,0.7409,0.7409,2758896055.305563,0.7127,0.7127,745540823.1342119,0.6734,0.6734,439789332.7316484,0.7181,0.7181,400709732.9047721,0.7099,0.7099,4445523945.603585,-0.0,3508490914.950821,0.4317
13,374429454.0549238,0.7249,0.7249,596872278.8159908,0.7643,0.7643,2418174466.852805,0.7411,0.7411,2677502453.0968943,0.7106,0.7106,716260172.9318877,0.6724,0.6724,426677401.37968147,0.7214,0.7214,403631081.7568511,0.7135,0.7135,4275766291.8488083,-0.0,3448047436.0627804,0.4316
14,295161030.36792886,0.7286,0.7286,503940986.9569226,0.7675,0.7675,2116116469.9665627,0.7439,0.7439,2376799725.9279943,0.7119,0.7119,609876784.4321901,0.676,0.676,370312049.7141825,0.7242,0.7242,327500759.9782833,0.7176,0.7176,3786998652.821536,-0.0,3104661029.0220485,0.4312
15,245410530.12743056,0.7297,0.7297,421199005.7239541,0.7696,0.7696,1777098751.7903771,0.7481,0.7481,2045753513.5546696,0.7111,0.7111,508753407.3659242,0.6852,0.6852,318040705.8198691,0.729,0.729,261989790.40058228,0.724,0.724,3139790480.629148,-0.0,2713044966.643886,0.4312
16,190358161.83802652,0.7304,0.7304,326919921.26137537,0.7708,0.7708,1425770427.8374903,0.7456,0.7456,1668974675.2050319,0.7065,0.7065,392355507.2223464,0.6841,0.6841,260527763.13124448,0.7273,0.7273,198864229.30180344,0.7212,0.7212,2641534590.9809794,-0.0,2183119787.690689,0.4312
17,138657071.8765806,0.7304,0.7304,232687868.5993203,0.7713,0.7713,1116212857.899471,0.7448,0.7448,1298980637.885961,0.705,0.705,310803227.5284423,0.6844,0.6844,205228599.62922633,0.7248,0.7248,139701304.3620268,0.7232,0.7232,1940514478.7201462,-0.0,1603147108.7203724,0.4312
18,76531297.5826424,0.727,0.727,108597063.94103923,0.7641,0.7641,648243544.0175434,0.736,0.736,812148073.0410554,0.6966,0.6966,181037437.59298122,0.6788,0.6788,118043345.55284733,0.7233,0.7233,59084926.04735081,0.7227,0.7227,1028920753.4750199,-0.0,827137144.9769862,0.4316
19,74680729.69314064,0.7241,0.7241,72215918.63511148,0.7572,0.7572,295706501.2737884,0.737,0.737,350533757.94408107,0.6946,0.6946,126281954.65217,0.6688,0.6688,78995409.86594115,0.7196,0.7196,66524432.88932681,0.721,0.721,514703048.51450866,-0.0,379621218.75133574,0.4317
20,170666200.2786415,0.72,0.72,138851278.94836834,0.7612,0.7612,372388951.4042932,0.7308,0.7308,339124151.63151014,0.697,0.697,187787634.66482654,0.6787,0.6787,129746083.47473127,0.7129,0.7129,117353306.16297889,0.7073,0.7073,837847942.7315116,-0.0,675035328.791074,0.4316
21,345556010.35627526,0.7119,0.7119,424604638.1841229,0.7473,0.7473,1346813937.0543184,0.721,0.721,1319925441.1964688,0.6904,0.6904,558267516.3216348,0.6757,0.6757,366335755.9333951,0.6928,0.6928,357438495.56827915,0.6941,0.6941,2742045199.702662,-0.0,2182647541.1519947,0.4312
22,471020815.6371547,0.6968,0.6968,697326994.8979244,0.7287,0.7287,2230966753.3280516,0.6954,0.6954,2350343780.164822,0.673,0.673,901674297.4785374,0.6668,0.6668,562777672.0423108,0.6685,0.6685,587176237.5805049,0.6706,0.6706,4498668995.910621,-0.0,3546094977.220207,0.4312
23,548816140.1533164,0.6937,0.6937,887678377.4131125,0.7258,0.7258,2877495652.1713405,0.693,0.693,3100749077.181252,0.6719,0.6719,1150489686.0324557,0.6758,0.6758,664919484.092428,0.6671,0.6671,717934883.6396822,0.6669,0.6669,5918746439.316056,-0.0,4651936493.286229,0.4312
24,698689276.8637826,0.6813,0.6813,1117512387.3494027,0.7216,0.7216,3445412954.0486774,0.6895,0.6895,3839197442.050786,0.6642,0.6642,1443555553.4051733,0.6825,0.6825,839904631.2995867,0.6658,0.6658,890009221.7104272,0.6657,0.6657,7221410664.519253,-0.0,5830422953.446956,0.4312
25,780838698.5230403,0.6759,0.6759,1272036749.9309351,0.7177,0.7177,3897178033.6329374,0.6877,0.6877,4368415021.306303,0.6609,0.6609,1674098271.4321558,0.6841,0.6841,935452583.7214726,0.661,0.661,1020154730.255203,0.6672,0.6672,8227414417.303234,-0.0,6697892738.7275095,0.4316
26,837239433.7841935,0.6726,0.6726,1354729047.798865,0.7179,0.7179,4096483284.038514,0.6835,0.6835,4720533924.69319,0.6724,0.6724,1783215654.5844522,0.6788,0.6788,977058923.6325843,0.6595,0.6595,1117745741.6865587,0.6614,0.6614,8746500472.512863,-0.0,7297799073.329662,0.4317
27,860238686.5511378,0.6732,0.6732,1387554798.2422216,0.7168,0.7168,4115568213.9295473,0.6867,0.6867,4756294959.615736,0.6727,0.6727,1826355439.697217,0.6766,0.6766,948126336.7984295,0.6571,0.6571,1133608712.4666324,0.6682,0.6682,8962949925.769726,-0.0,7379569590.820405,0.4316
28,829900383.5585651,0.6696,0.6696,1317642681.112435,0.7089,0.7089,3983344467.742335,0.6768,0.6768,4626532189.548796,0.6622,0.6622,1770663589.3201435,0.6674,0.6674,907866203.619942,0.646,0.646,1089222115.2244492,0.6661,0.6661,8649940587.189646,-0.0,7073385052.214062,0.4312
29,757738806.7781264,0.6775,0.6775,1208764175.8987505,0.7137,0.7137,3719050599.3511105,0.6831,0.6831,4265358928.4928355,0.6649,0.6649,1674980358.905225,0.672,0.672,821771739.0206437,0.6512,0.6512,1011612813.4347566,0.6696,0.6696,7911257325.169801,-0.0,6440727966.709143,0.4312
30,660322928.3333701,0.6709,0.6709,1063598836.4969366,0.7167,0.7167,3241629240.772306,0.6853,0.6853,3715022921.4679127,0.6711,0.6711,1453634024.7686627,0.6715,0.6715,705258251.127904,0.6515,0.6515,890830303.0082682,0.673,0.673,6888558497.795624,-0.0,5548399445.673046,0.4312
31,459106190.16036063,0.6866,0.6866,763858702.1744328,0.7275,0.7275,2385971601.9895544,0.7005,0.7005,2836170102.2610044,0.6797,0.6797,1056349576.3349527,0.6759,0.6759,500759182.7725507,0.6706,0.6706,637071353.1660149,0.6831,0.6831,5067530526.315341,-0.0,4119838998.804204,0.4312
32,208340379.4096091,0.6876,0.6876,379001157.6710541,0.7292,0.7292,1375993166.5412302,0.7033,0.7033,1719306567.71108,0.6824,0.6824,585061120.5493919,0.6752,0.6752,255550277.28861225,0.6729,0.6729,337535198.40578246,0.6881,0.6881,2781334256.880696,-0.0,2333182673.8420873,0.4316
33,77888680.46186006,0.6901,0.6901,169319378.24761674,0.7285,0.7285,567135259.0754225,0.7033,0.7033,718022816.4447752,0.6821,0.6821,268916019.07811034,0.6781,0.6781,104733549.76708522,0.6745,0.6745,176836148.56150725,0.6899,0.6899,1163236732.3825092,-0.0,922649360.6398885,0.4317
34,27734527.15884646,0.6914,0.6914,26775908.087083496,0.73,0.73,48200432.81331073,0.7093,0.7093,76934702.93718562,0.6815,0.6815,47675109.59702767,0.6804,0.6804,20717338.405093133,0.6796,0.6796,36743130.477913186,0.6915,0.6915,141164886.18055075,-0.0,151097850.48416373,0.4316
35,28753416.44548644,0.6953,0.6953,24094343.39205245,0.7345,0.7345,31765513.51908044,0.7117,0.7117,32410056.38430418,0.6796,0.6796,36210793.511177905,0.683,0.683,27156342.363918636,0.6848,0.6848,34676128.664820366,0.6965,0.6965,83650217.58130325,-0.0,102134908.43067631,0.4312
36,325196396.5601593,0.694,0.694,201269870.16056332,0.7333,0.7333,195206261.53117627,0.7102,0.7102,252829703.68845466,0.6763,0.6763,276202682.3295442,0.6802,0.6802,281873687.1823715,0.6881,0.6881,329348437.0690833,0.6976,0.6976,851786086.9092451,-0.0,888393246.0000237,0.4312
37,770787477.57391,0.7162,0.7162,553841953.2766947,0.7563,0.7563,774493158.0972304,0.7375,0.7375,1177771917.7084806,0.6983,0.6983,871943333.158709,0.6948,0.6948,810008647.0573853,0.7118,0.7118,880862031.9287027,0.7155,0.7155,2735998671.618597,-0.0,2470765486.802827,0.4312
38,1234766979.2132108,0.7248,0.7248,984288993.8387396,0.7628,0.7628,1647248844.9052184,0.7506,0.7506,2459902662.129722,0.708,0.708,1594586974.2075434,0.6986,0.6986,1378162943.2835546,0.722,0.722,1542978028.4475179,0.7255,0.7255,5143306218.8312845,-0.0,4119569789.3429737,0.4312
39,1652608126.740077,0.7254,0.7254,1376758823.6420124,0.7643,0.7643,2452373827.3001413,0.7574,0.7574,3784679357.9642997,0.7093,0.7093,2175983557.6972857,0.6946,0.6946,1942431008.651485,0.7327,0.7327,2204899989.7258124,0.7292,0.7292,7528323156.556798,-0.0,5790677071.796093,0.4316
40,2045109019.5773113,0.7218,0.7218,1761801640.0476115,0.7637,0.7637,3237397472.992999,0.7551,0.7551,5074564227.191738,0.7,0.7,2825094822.974324,0.6898,0.6898,2425599778.0373354,0.7293,0.7293,2795073287.787481,0.7292,0.7292,9859426312.763985,-0.0,7277426880.66688,0.4317
41,2243691936.3667545,0.7253,0.7253,1965654546.0424037,0.7628,0.7628,3829687006.765163,0.7541,0.7541,6012214782.910492,0.7027,0.7027,3238586215.324889,0.6873,0.6873,2763972828.597114,0.7276,0.7276,3141763625.670268,0.7264,0.7264,11353407784.743258,-0.0,8240989251.910397,0.4316
42,2321432075.667758,0.7246,0.7246,2052764843.0181143,0.76,0.76,4185004292.1379294,0.7528,0.7528,6694491050.198055,0.7066,0.7066,3493906819.916308,0.6841,0.6841,2959679479.9661055,0.7219,0.7219,3278685461.1687613,0.7206,0.7206,12353205402.045729,-0.0,8785729090.985476,0.4312
43,2331281407.1630363,0.7131,0.7131,2059750969.5607464,0.747,0.747,4279533704.6183825,0.7422,0.7422,6928950343.640662,0.6992,0.6992,3523755552.4240217,0.6812,0.6812,3006404692.686494,0.7079,0.7079,3267431299.263965,0.7134,0.7134,12700771800.90164,-0.0,8861556684.73679,0.4312
44,2163720835.0796003,0.7159,0.7159,1908468160.824206,0.748,0.748,4096817378.113655,0.7436,0.7436,6783749604.015257,0.6984,0.6984,3315662201.0932064,0.6806,0.6806,2841583406.2718225,0.7115,0.7115,3129600374.0696073,0.7117,0.7117,12118200276.54834,-0.0,8422538999.04415,0.4312
45,1885207319.1914103,0.7072,0.7072,1689866728.3054452,0.7436,0.7436,3793577775.8576384,0.7363,0.7363,6329245134.939356,0.6988,0.6988,2967528488.1978197,0.675,0.675,2553402270.069538,0.6995,0.6995,2789974303.9076977,0.7007,0.7007,11097906440.025032,-0.0,7526055342.413121,0.4312
46,1568381034.9580514,0.7068,0.7068,1448904009.6360316,0.745,0.745,3381478597.7935534,0.7375,0.7375,5633979494.518574,0.7035,0.7035,2542988555.3815722,0.6782,0.6782,2201427018.9016156,0.7041,0.7041,2418946729.8569274,0.6989,0.6989,9726958574.871763,-0.0,6480152003.814619,0.4316
47,1149836445.229938,0.7064,0.7064,1098007332.7916255,0.7458,0.7458,2708185518.4478154,0.7355,0.7355,4520575262.417868,0.6999,0.6999,1948164128.1750224,0.676,0.676,1664335519.9537904,0.7035,0.7035,1830471027.6793323,0.702,0.702,7601680533.479272,-0.0,5012909430.272509,0.4317
48,686624419.6255584,0.7066,0.7066,705797965.5990536,0.7478,0.7478,1885692296.8460224,0.7343,0.7343,3200538696.953946,0.6995,0.6995,1261303080.5625453,0.671,0.671,1056624014.1029556,0.7032,0.7032,1085086314.1891758,0.6957,0.6957,5009475629.734428,-0.0,3107367295.490894,0.4316
49,119388011.50439358,0.702,0.702,203010822.36642197,0.7434,0.7434,825858091.3878808,0.7314,0.7314,1498735406.6305988,0.6991,0.6991,415203801.0933398,0.6686,0.6686,324203334.4421188,0.7033,0.7033,306851655.5956954,0.6942,0.6942,1848767605.7097936,-0.0,830343903.8247885,0.4312
50,284555363.65715873,0.6987,0.6987,136301902.50948736,0.7422,0.7422,277901441.5363633,0.7329,0.7329,508321609.6770777,0.7043,0.7043,224095742.2625866,0.6663,0.6663,215077481.87914944,0.6988,0.6988,236316674.4470113,0.6902,0.6902,1061581468.6460812,-0.0,731507815.3286866,0.4312
51,601112699.9814858,0.6903,0.6903,319912247.4587635,0.7395,0.7395,431180870.9528266,0.7252,0.7252,687799768.2515507,0.6936,0.6936,465130269.7844906,0.6534,0.6534,441849129.91514206,0.6922,0.6922,517850294.5247311,0.6884,0.6884,1852257018.8149173,-0.0,1649753153.3086066,0.4312
52,849332030.0809435,0.6923,0.6923,525155646.87167835,0.7286,0.7286,856299625.0877445,0.7147,0.7147,1406909670.4098265,0.6889,0.6889,778346471.2002152,0.6464,0.6464,762692031.3022753,0.6858,0.6858,796392811.7157788,0.6855,0.6855,3064524794.434397,-0.0,2738394310.0303826,0.4312
53,1043050089.3719208,0.6874,0.6874,703959998.1360779,0.7246,0.7246,1284812613.5771463,0.7126,0.7126,2176060936.9797544,0.6805,0.6805,1089206370.8919597,0.6423,0.6423,1046456637.3658016,0.6835,0.6835,1057350910.9481317,0.6832,0.6832,4316807873.085379,-0.0,3668696507.137456,0.4316
54,1132084285.359037,0.6886,0.6886,770044632.0491545,0.7225,0.7225,1520037825.7686217,0.7068,0.7068,2762788156.0938087,0.6766,0.6766,1259371560.6077075,0.6444,0.6444,1206406989.7618499,0.6803,0.6803,1149815800.8050973,0.6807,0.6807,4828600417.802451,-0.0,4191831341.854976,0.4317
55,1196302676.0294292,0.6963,0.6963,811416593.4696176,0.7293,0.7293,1710702052.3541386,0.7145,0.7145,3278815463.248057,0.6842,0.6842,1374280457.0131915,0.6486,0.6486,1319077508.3808026,0.6863,0.6863,1227394436.6665056,0.6901,0.6901,5323632027.7903185,-0.0,4526171506.952631,0.4316
56,1211460379.459646,0.6979,0.6979,834660401.3786191,0.7315,0.7315,1812925853.1571581,0.7143,0.7143,3540051300.990819,0.6876,0.6876,1396051724.634714,0.6545,0.6545,1359969416.5403492,0.6833,0.6833,1251444993.050396,0.6935,0.6935,5444689651.7934885,-0.0,4664331383.584931,0.4312
57,1144342334.9600575,0.7009,0.7009,798999024.2549374,0.7373,0.7373,1813751725.781333,0.72,0.72,3594486595.2277517,0.6937,0.6937,1343626770.323949,0.659,0.659,1333031572.1491473,0.6892,0.6892,1215922685.7764368,0.6958,0.6958,5291669342.727935,-0.0,4538284452.401684,0.4312
58,1061825267.224204,0.7068,0.7068,748992969.24281,0.7387,0.7387,1739023247.7794814,0.7265,0.7265,3497533148.4799724,0.7003,0.7003,1287289583.7395592,0.6585,0.6585,1265187418.8155777,0.6943,0.6943,1144590383.7740176,0.7038,0.7038,5040687797.838939,-0.0,4250680336.2399907,0.4312
59,938974049.4477576,0.7091,0.7091,684774931.2171682,0.7359,0.7359,1592090845.6840644,0.7285,0.7285,3228473954.812024,0.7044,0.7044,1188147453.9223387,0.6605,0.6605,1165493169.3187184,0.6945,0.6945,1041907646.0777024,0.7073,0.7073,4502616937.479539,-0.0,3888443277.863784,0.4312
60,792057605.9745786,0.6991,0.6991,570449572.8916115,0.7302,0.7302,1387760075.9873326,0.7258,0.7258,2767733308.6237965,0.6972,0.6972,986182203.8330072,0.6578,0.6578,981354486.9759991,0.6879,0.6879,887086464.8780673,0.7031,0.7031,3792269925.529284,-0.0,3240571039.362759,0.4316
61,593660874.8191775,0.6967,0.6967,470467158.5004955,0.7328,0.7328,1140512993.8293865,0.7328,0.7328,2159965546.1419215,0.6993,0.6993,753653814.1719666,0.6563,0.6563,774762430.9961883,0.6922,0.6922,688883853.7582233,0.7051,0.7051,2982903074.158865,-0.0,2396664118.2863684,0.4317
62,360013686.41314596,0.6935,0.6935,354194335.21752465,0.724,0.724,776972078.6477689,0.7247,0.7247,1419742294.9023056,0.6901,0.6901,451289874.83207315,0.6513,0.6513,501658853.1366589,0.682,0.682,468890186.6323131,0.7042,0.7042,1942397532.722877,-0.0,1425837612.1677637,0.4316
63,106074080.22207889,0.6966,0.6966,183303143.02188748,0.7311,0.7311,381710517.16590655,0.7262,0.7262,567147053.9585099,0.693,0.693,93299532.32349229,0.6517,0.6517,162994993.3626882,0.6814,0.6814,183618914.92300016,0.7085,0.7085,663475992.9268646,-0.0,233759064.62130165,0.4312
64,121479498.11671346,0.6904,0.6904,207451537.95074925,0.7225,0.7225,296306680.1368937,0.7193,0.7193,286030377.6407319,0.682,0.682,59343223.62250009,0.6469,0.6469,157494405.77517146,0.6758,0.6758,190748553.231451,0.7052,0.7052,669437998.4518572,-0.0,156998871.89405072,0.4312
65,100529559.27812737,0.6972,0.6972,200877117.90848735,0.7301,0.7301,329002914.2895184,0.7276,0.7276,282239832.7993419,0.6876,0.6876,60214050.03440876,0.6521,0.6521,155921089.09800488,0.6856,0.6856,165530281.61380512,0.7067,0.7067,689984374.1883959,-0.0,158318765.89706603,0.4312
66,82362526.76172692,0.6883,0.6883,169741155.52573535,0.7238,0.7238,290466805.3265982,0.7238,0.7238,284135895.6334678,0.6817,0.6817,55688706.00827161,0.6531,0.6531,136355231.9483488,0.6799,0.6799,136571460.51577693,0.7024,0.7024,580033059.3308307,-0.0,133968342.87002447,0.4312
67,64132417.24092323,0.6776,0.6776,125869979.24590206,0.7164,0.7164,228310768.09841362,0.708,0.708,252280548.7221238,0.6791,0.6791,47182600.561963074,0.6486,0.6486,109755711.13087592,0.666,0.666,91537736.1309026,0.6899,0.6899,381883369.06992084,-0.0,102787938.38142501,0.4316
68,58592830.86408781,0.6855,0.6855,105460782.75776483,0.7214,0.7214,202344130.01827514,0.7106,0.7106,216161026.3194518,0.6831,0.6831,57799805.01773112,0.6537,0.6537,101859598.06456478,0.6726,0.6726,95957002.26314725,0.6948,0.6948,359370284.36993843,-0.0,127515692.37992547,0.4317
69,45336388.36772992,0.6872,0.6872,103488276.98067997,0.7252,0.7252,173939677.49581668,0.714,0.714,179367359.9342043,0.6836,0.6836,53121450.85503321,0.6587,0.6587,89164513.30003208,0.6792,0.6792,79068487.87274398,0.6932,0.6932,263572216.17458338,-0.0,118954258.21070293,0.4316
70,35159254.32982229,0.6901,0.6901,105380689.7401354,0.7319,0.7319,165883368.76586625,0.7209,0.7209,174326901.23625934,0.6852,0.6852,50922081.125401765,0.6579,0.6579,83632699.29995687,0.69,0.69,75549540.33301355,0.7002,0.7002,215971555.4873249,-0.0,113612850.74192446,0.4312
71,31257890.91655493,0.6897,0.6897,93172424.60748807,0.7254,0.7254,125389589.64373788,0.7187,0.7187,147909429.89508337,0.6819,0.6819,52474089.11502827,0.6527,0.6527,73395900.59264384,0.6936,0.6936,74411707.44281527,0.7024,0.7024,178222302.1389666,-0.0,129941152.17846234,0.4312
72,30637437.778087404,0.6813,0.6813,90197455.90238182,0.7275,0.7275,103714257.25162551,0.7146,0.7146,126656021.39274494,0.68,0.68,52679727.75819308,0.6579,0.6579,64368366.59814941,0.6972,0.6972,84904326.9385671,0.6979,0.6979,161708436.81794393,-0.0,134449032.68338332,0.4312
73,36170081.90161662,0.6787,0.6787,67498364.06486627,0.7271,0.7271,91990425.00127697,0.71,0.71,95854324.24565257,0.6729,0.6729,50224675.980362415,0.6456,0.6456,54116824.67353148,0.6946,0.6946,75380079.66634378,0.6953,0.6953,152733321.5834504,-0.0,136373719.30746993,0.4312
74,41991370.21604355,0.6886,0.6886,60402906.17871135,0.7295,0.7295,95243817.77939868,0.7115,0.7115,69998976.65287367,0.6738,0.6738,49363710.22172679,0.6497,0.6497,56577809.78074181,0.697,0.697,76357221.16502813,0.7006,0.7006,199996698.66469306,-0.0,139685022.4398659,0.4316
75,43573687.40871683,0.6839,0.6839,60414742.28296264,0.7356,0.7356,94471515.79225875,0.7079,0.7079,84160707.65780458,0.6683,0.6683,43264119.19403525,0.6534,0.6534,65403244.6020814,0.6962,0.6962,69619114.53697339,0.6955,0.6955,228229811.61742973,-0.0,135368747.6538963,0.4317
76,33719350.81449875,0.6941,0.6941,66925348.78390606,0.7391,0.7391,91729582.32152656,0.7145,0.7145,85629231.39204755,0.677,0.677,32729055.685268335,0.6527,0.6527,56036600.19806297,0.7067,0.7067,56413835.97911488,0.7038,0.7038,191617073.73094162,-0.0,96413065.10469642,0.4316
77,33032325.834544975,0.6897,0.6897,81125695.270162,0.7316,0.7316,93118106.52632506,0.7071,0.7071,88107611.00011066,0.669,0.669,45618126.28261881,0.6448,0.6448,46457941.12088067,0.7053,0.7053,64286527.605605885,0.6976,0.6976,161188968.03014106,-0.0,80433407.67456332,0.4312
78,56091617.90254967,0.6905,0.6905,169357816.8055541,0.7299,0.7299,189516616.87945476,0.7076,0.7076,124519322.76103534,0.6731,0.6731,103424934.42401928,0.6468,0.6468,63840942.240728095,0.7089,0.7089,136618792.4180175,0.6973,0.6973,264873919.86762506,-0.0,108329044.22517672,0.4312
79,115154575.72588044,0.6985,0.6985,292868629.6593078,0.7234,0.7234,342544066.0837349,0.7096,0.7096,216378714.25797173,0.6754,0.6754,184638068.42147204,0.642,0.642,117184831.66009818,0.7066,0.7066,225297699.18934086,0.7087,0.7087,571339265.9918449,-0.0,238344198.55081904,0.4312
80,185700871.50169182,0.6905,0.6905,392404296.3544444,0.7193,0.7193,515572445.821601,0.7051,0.7051,326705261.7633953,0.6751,0.6751,275615594.6626592,0.6326,0.6326,182247241.16962484,0.7028,0.7028,332542203.08301765,0.7037,0.7037,902002282.9364944,-0.0,421750649.5532522,0.4312
81,226431821.0237511,0.6807,0.6807,438824274.16885465,0.7128,0.7128,574863449.9659278,0.6939,0.6939,369879574.207669,0.6762,0.6762,294038837.6016045,0.6183,0.6183,190850939.47454432,0.6918,0.6918,355770552.3733088,0.6912,0.6912,1019435802.5950692,-0.0,531355796.3911642,0.4316
82,259563909.5033957,0.6888,0.6888,422382673.6407674,0.7186,0.7186,556954572.3080165,0.709,0.709,364803639.5978476,0.6839,0.6839,280070841.7655848,0.6245,0.6245,189302172.0160848,0.6943,0.6943,361311176.64031625,0.6974,0.6974,1114539826.9158819,-0.0,622260839.8170556,0.4317
83,283132017.7526212,0.6938,0.6938,432479810.57437515,0.72,0.72,584123669.3015071,0.7178,0.7178,388845619.489375,0.687,0.687,283027824.6073517,0.6288,0.6288,204386589.1709941,0.6973,0.6973,357359979.3060063,0.7026,0.7026,1207885974.9921174,-0.0,677315540.5528407,0.4316
84,283256855.21117,0.7029,0.7029,427583671.7085404,0.7266,0.7266,589894423.201351,0.7248,0.7248,389114986.2238354,0.6919,0.6919,270005542.98206866,0.6334,0.6334,204405011.25495073,0.7016,0.7016,341153744.0642508,0.7082,0.7082,1217477757.1296191,-0.0,689042146.6000296,0.4312
85,272918806.9833685,0.7098,0.7098,402647775.37181824,0.736,0.736,574226013.0826313,0.7373,0.7373,383841013.74350446,0.6997,0.6997,237084190.13517267,0.6429,0.6429,199479727.39726925,0.7095,0.7095,303011838.6063211,0.7155,0.7155,1172832844.8562284,-0.0,645589220.0649441,0.4312
86,254747533.6139273,0.7056,0.7056,373125535.0836557,0.7311,0.7311,536059352.8834219,0.7353,0.7353,372363918.31283754,0.6965,0.6965,217887246.56076023,0.6339,0.6339,197683100.95771015,0.7022,0.7022,295249336.6907604,0.7067,0.7067,1134506368.2536314,-0.0,597301553.1485534,0.4312
87,208845893.87722906,0.7037,0.7037,317207986.80292076,0.7318,0.7318,450329774.4097222,0.7342,0.7342,353498140.5118841,0.6958,0.6958,177692878.33259556,0.637,0.637,182544849.14666018,0.7029,0.7029,269749739.61382204,0.7029,0.7029,1082793729.9352114,-0.0,500247146.27277726,0.4312
88,157188840.0079496,0.6991,0.6991,243097088.82129908,0.7297,0.7297,346643040.30551046,0.7326,0.7326,315288561.1950219,0.6875,0.6875,152952576.3160501,0.631,0.631,159741135.1448432,0.7021,0.7021,224309471.43950647,0.7039,0.7039,833292472.2044729,-0.0,379789425.7459034,0.4316
89,119279560.69813046,0.6987,0.6987,190472826.79132622,0.7266,0.7266,247689385.14083058,0.7255,0.7255,207225454.47739446,0.6867,0.6867,125575033.47651678,0.629,0.629,98071921.59743571,0.6925,0.6925,208411040.82919833,0.7013,0.7013,577159379.7807634,-0.0,300774563.9328408,0.4317
90,107982157.42140566,0.7007,0.7007,180797936.18716347,0.7303,0.7303,182926296.3527117,0.7259,0.7259,147051153.91411158,0.6871,0.6871,134932154.31949675,0.6378,0.6378,67156332.37451817,0.6928,0.6928,201014404.0896847,0.704,0.704,390589700.9530074,-0.0,302045683.6752686,0.4316
91,126655340.89333709,0.6992,0.6992,216022091.0395115,0.732,0.732,155989095.94794098,0.721,0.721,137855924.3669038,0.6831,0.6831,181448491.90171543,0.6303,0.6303,52792308.38492592,0.6886,0.6886,238634558.14427236,0.701,0.701,286757304.0766628,-0.0,344403977.3469976,0.4312
92,229762080.33000582,0.6889,0.6889,386090846.6203733,0.7273,0.7273,385358612.55793923,0.7136,0.7136,263449739.9515797,0.6738,0.6738,324737380.22716975,0.6272,0.6272,126403012.88227071,0.6815,0.6815,406537937.2473867,0.6937,0.6937,703774643.5970924,-0.0,596703311.6455731,0.4312
93,376083402.8778449,0.6717,0.6717,577352410.8917778,0.725,0.725,675663655.4198992,0.7004,0.7004,473850584.5816025,0.6692,0.6692,491009671.8419875,0.6258,0.6258,226192556.44829834,0.672,0.672,606646137.3670785,0.6817,0.6817,1404748394.5367846,-0.0,1051290912.4101697,0.4312
94,467367755.9095862,0.6652,0.6652,673447313.5599265,0.7211,0.7211,831164099.0472457,0.694,0.694,634487556.6320947,0.6638,0.6638,576745296.4380078,0.631,0.631,262673172.46451318,0.6622,0.6622,714889038.8365229,0.6765,0.6765,1797069621.515617,-0.0,1401467517.0308375,0.4312
95,536003049.87411267,0.6541,0.6541,737931247.0620809,0.7151,0.7151,993844049.6629887,0.6838,0.6838,792630832.8798313,0.6645,0.6645,662789537.9575602,0.6329,0.6329,322685988.556695,0.6539,0.6539,811759988.9724481,0.6642,0.6642,2306738519.555394,-0.0,1720592588.5605252,0.4316
96,537030675.3775891,0.6608,0.6608,668822757.4416465,0.7241,0.7241,962365197.982621,0.689,0.689,835572562.3434116,0.6668,0.6668,638264680.0835581,0.6396,0.6396,316819784.710852,0.6691,0.6691,697462323.9228889,0.6733,0.6733,2235935848.9519415,-0.0,1718085696.1957893,0.4317
97,526013417.7391975,0.6641,0.6641,606158445.1753664,0.7219,0.7219,912005061.8567384,0.695,0.695,837541663.9752511,0.6702,0.6702,585350111.9695622,0.6471,0.6471,302298250.3175347,0.6777,0.6777,611604021.0517808,0.6809,0.6809,2169200635.71186,-0.0,1720698722.66814,0.4316
98,484875474.70305717,0.6587,0.6587,551206232.5516106,0.7241,0.7241,860722716.1349471,0.6926,0.6926,835332695.1960316,0.6644,0.6644,521952549.5802429,0.6462,0.6462,292182104.11109996,0.678,0.678,543590958.1775287,0.6826,0.6826,2054627077.1360052,-0.0,1583107768.3054366,0.4312
99,421571604.48384774,0.6676,0.6676,480696015.7037036,0.7324,0.7324,805228364.9864869,0.6975,0.6975,789528372.9520798,0.6696,0.6696,444483952.81349605,0.6428,0.6428,275111019.1194657,0.6809,0.6809,472526094.5197448,0.6841,0.6841,1902348358.332971,-0.0,1335336302.2680802,0.4312
100,351310944.42127293,0.6816,0.6816,400410413.89440167,0.7367,0.7367,696790040.6091828,0.7144,0.7144,698662858.7343123,0.6734,0.6734,357785573.87204516,0.6461,0.6461,241971956.55977532,0.6972,0.6972,398166019.0539267,0.7013,0.7013,1686574561.6034613,-0.0,1053167364.5900792,0.4312
101,255904086.13077375,0.6834,0.6834,290052881.3674115,0.7405,0.7405,547333927.0495181,0.718,0.718,555144857.1207459,0.6792,0.6792,265691191.62353212,0.6477,0.6477,190350878.61218312,0.6991,0.6991,304222013.6704571,0.7075,0.7075,1284833087.7424548,-0.0,768670201.5567018,0.4312
102,187891551.88384593,0.6824,0.6824,216613156.83670172,0.7444,0.7444,413384205.0511042,0.7211,0.7211,416089429.2899329,0.6838,0.6838,218490892.16763595,0.6489,0.6489,149026078.0329791,0.6986,0.6986,250125506.49825004,0.7058,0.7058,1048937420.202337,-0.0,600384745.5511699,0.4316
103,142454746.92291784,0.6821,0.6821,189312204.31642833,0.7481,0.7481,310650064.72470635,0.7273,0.7273,298281474.1528123,0.6859,0.6859,189692711.80873042,0.6516,0.6516,118370051.36626904,0.6998,0.6998,226274738.36925924,0.7065,0.7065,854147088.8568318,-0.0,538987638.0757159,0.4317
104,87511303.97710046,0.6787,0.6787,160249211.22763047,0.7473,0.7473,259739674.50667733,0.7271,0.7271,204337172.9880624,0.6857,0.6857,171739750.70496717,0.649,0.649,95826890.56424215,0.7002,0.7002,184740576.98119032,0.7035,0.7035,638071930.9057592,-0.0,492561385.9035243,0.4316
105,55328500.63618767,0.6715,0.6715,151634820.17614105,0.7458,0.7458,204550772.8434889,0.727,0.727,124463996.84055574,0.6861,0.6861,165407884.41218093,0.65,0.65,60099705.87482761,0.6981,0.6981,169466064.10534233,0.7021,0.7021,462751552.912676,-0.0,447812570.3464273,0.4312
106,78447044.66753057,0.6725,0.6725,184247763.84618473,0.7474,0.7474,262731777.5910619,0.7278,0.7278,178027958.60306975,0.6875,0.6875,212692998.9513748,0.6507,0.6507,92857176.93455642,0.7016,0.7016,206863389.3505379,0.6994,0.6994,591437625.396074,-0.0,588929824.2389247,0.4312
107,85439261.51969475,0.6656,0.6656,181910500.6925308,0.7435,0.7435,284556293.60612565,0.7262,0.7262,274739052.2635267,0.6801,0.6801,222840654.8147176,0.6439,0.6439,110780021.61616978,0.7036,0.7036,229346411.09143278,0.6963,0.6963,606908064.1455739,-0.0,603162288.3940977,0.4312
108,104708465.97124621,0.6564,0.6564,178473926.020002,0.7365,0.7365,255998314.19446027,0.7208,0.7208,351541535.282451,0.6771,0.6771,248409803.86387798,0.642,0.642,120811366.19812427,0.7022,0.7022,225920425.7256653,0.6883,0.6883,659332760.3327267,-0.0,655628816.4870689,0.4312
109,112048245.4803729,0.657,0.657,146404786.3036678,0.7333,0.7333,195696501.38040665,0.7166,0.7166,415426061.1841661,0.6745,0.6745,233863350.9216738,0.6353,0.6353,133105732.27257082,0.6968,0.6968,197347002.8997516,0.6897,0.6897,590101255.4812323,-0.0,596636290.361365,0.4316
110,90653171.84675084,0.65,0.65,124496991.07900013,0.7281,0.7281,181389523.37522456,0.7117,0.7117,374442166.8138209,0.674,0.674,193962395.87640423,0.6258,0.6258,121466071.21343519,0.6888,0.6888,172895244.80191046,0.6808,0.6808,514106479.9898295,-0.0,489410903.8656806,0.4317
111,59273222.524135634,0.6568,0.6568,113312828.74328686,0.7364,0.7364,168170213.66148102,0.7137,0.7137,306201902.1004301,0.6727,0.6727,135470830.3311669,0.6287,0.6287,101434148.24874184,0.6845,0.6845,154052305.84205976,0.6829,0.6829,409353125.99729514,-0.0,322511048.3486805,0.4316
112,53276494.01798757,0.6654,0.6654,111853827.39170255,0.7412,0.7412,159034664.61753598,0.7195,0.7195,261620607.06804994,0.673,0.673,117599402.74563685,0.6338,0.6338,102198608.26502508,0.6887,0.6887,153357914.42590907,0.6866,0.6866,375048826.3927594,-0.0,253157629.4413091,0.4312
113,55544788.77160762,0.6683,0.6683,120473059.74796571,0.7412,0.7412,155368007.2233326,0.7244,0.7244,227332456.40336785,0.677,0.677,107690849.28641237,0.6367,0.6367,104391365.05952802,0.6943,0.6943,159476027.4501271,0.6917,0.6917,402737811.1568734,-0.0,240410576.05869758,0.4312
114,59340323.22050324,0.6502,0.6502,139786707.30226696,0.7343,0.7343,174232233.92372847,0.7061,0.7061,191263821.50286672,0.6635,0.6635,101861908.39754058,0.636,0.636,103510083.03737156,0.6774,0.6774,170793696.73177144,0.6694,0.6694,455277628.82109135,-0.0,290452601.5831419,0.4312
115,60408814.81199845,0.642,0.642,156879907.7686617,0.7268,0.7268,197072898.58587262,0.6967,0.6967,187902130.57261372,0.6547,0.6547,112193246.44708957,0.6289,0.6289,105932256.11152394,0.6699,0.6699,183217593.3228911,0.6607,0.6607,541129406.2870164,-0.0,341794463.40906423,0.4312
116,66938087.19154609,0.6452,0.6452,166933590.16344655,0.7278,0.7278,217971080.24380922,0.6995,0.6995,182287381.4893822,0.6598,0.6598,120248291.36970344,0.6314,0.6314,110285947.94317715,0.6734,0.6734,187687618.52896735,0.6631,0.6631,597049191.6958464,-0.0,390014069.1421601,0.4316
117,66919867.442092665,0.6397,0.6397,166830493.78760144,0.7202,0.7202,219370848.22291058,0.6922,0.6922,172790649.34951815,0.6535,0.6535,119350362.78126869,0.6242,0.6242,107934402.17652345,0.6697,0.6697,187177251.49946764,0.6575,0.6575,624031671.254809,-0.0,401592206.8353983,0.4317
118,71452534.40559904,0.638,0.638,175073405.41580465,0.7205,0.7205,228694267.4791141,0.6935,0.6935,151375772.77446625,0.6527,0.6527,121699565.24235958,0.6236,0.6236,102908641.04098521,0.6698,0.6698,202559143.44834697,0.659,0.659,652320144.6030775,-0.0,416530202.53285086,0.4316
119,84423156.75764921,0.6443,0.6443,184673545.8959112,0.7248,0.7248,249030696.9379453,0.7004,0.7004,150073646.3474447,0.6624,0.6624,127482022.86813964,0.6349,0.6349,106066789.85544309,0.6708,0.6708,215867702.82848594,0.6619,0.6619,699347393.8563938,-0.0,455320730.01838803,0.4312
120,92559145.63487507,0.6493,0.6493,179512708.29513863,0.7273,0.7273,237838741.59536347,0.7036,0.7036,168652365.87791932,0.662,0.662,142895859.03326204,0.6346,0.6346,110777495.76713656,0.6712,0.6712,229172100.21528053,0.6709,0.6709,690465357.5817277,-0.0,458891007.37128186,0.4312
121,98941337.00402223,0.6492,0.6492,152877744.5039865,0.7239,0.7239,184706102.75670764,0.6999,0.6999,173876072.0086981,0.6639,0.6639,148127612.17906845,0.6351,0.6351,97932437.56796448,0.6666,0.6666,207149086.24170953,0.6721,0.6721,630869815.3705783,-0.0,483178189.8564376,0.4312
122,89451511.16032535,0.6486,0.6486,96300910.03914878,0.7213,0.7213,127914164.20872562,0.6985,0.6985,144417894.56569785,0.6604,0.6604,107961270.83754021,0.6333,0.6333,75104459.96495093,0.6656,0.6656,149157804.26524514,0.673,0.673,436123349.70021605,-0.0,372351965.96702194,0.4312
123,60214862.835680686,0.6417,0.6417,16506583.408591567,0.7178,0.7178,30566734.15990515,0.6985,0.6985,69349304.66342829,0.6575,0.6575,49237780.82760132,0.6358,0.6358,18779651.546590082,0.6681,0.6681,49770450.45298292,0.6708,0.6708,94247246.08000568,-0.0,199287402.22139078,0.4316
124,58005327.79206593,0.6444,0.6444,16229674.210780708,0.7186,0.7186,30950058.948459797,0.6992,0.6992,51217945.981710516,0.6578,0.6578,47532280.74864868,0.6396,0.6396,18763380.09397227,0.6689,0.6689,46022470.812879965,0.6756,0.6756,86663187.75819293,-0.0,199945679.01420772,0.4317
125,55019755.080347806,0.6436,0.6436,21837029.926986005,0.7195,0.7195,33365978.45003963,0.697,0.697,37022308.49103996,0.6578,0.6578,40254079.60069467,0.6442,0.6442,18119459.824426316,0.6708,0.6708,45990964.76233156,0.6791,0.6791,76860623.37658198,-0.0,177886219.89520454,0.4316
126,30331988.482952558,0.6456,0.6456,98699411.53582716,0.7143,0.7143,187492862.86488003,0.6946,0.6946,44542602.733747475,0.6593,0.6593,36326067.60886253,0.6413,0.6413,37896726.29491556,0.6761,0.6761,55114193.267511845,0.6815,0.6815,206907654.36054054,-0.0,101819078.75222167,0.4312
127,26621116.407902982,0.6406,0.6406,195765326.2249991,0.7023,0.7023,333871336.040595,0.6814,0.6814,70765057.65680744,0.6495,0.6495,40715640.76099964,0.639,0.639,60960176.77926306,0.6656,0.6656,82922656.5966661,0.6766,0.6766,386260292.096239,-0.0,82840565.81777652,0.4312
128,26552965.34010657,0.6417,0.6417,255242726.50348905,0.701,0.701,400671963.943976,0.6812,0.6812,84669374.27752826,0.652,0.652,42490491.208216615,0.638,0.638,72180286.44557557,0.6683,0.6683,108445650.48398487,0.6847,0.6847,464676125.3959239,-0.0,84605620.18254176,0.4312
129,26202159.45481342,0.6475,0.6475,297481786.85388017,0.706,0.706,480781320.03959346,0.6838,0.6838,89046933.29052387,0.657,0.657,50559155.550902806,0.6451,0.6451,90766196.8840587,0.6743,0.6743,128699963.9326445,0.6905,0.6905,518370909.9391522,-0.0,82376548.55004154,0.4312
130,24892243.157953892,0.645,0.645,325521689.7346931,0.7076,0.7076,512938345.1090809,0.6816,0.6816,92387176.7441519,0.6508,0.6508,50975676.60048172,0.6472,0.6472,92579752.48559107,0.6724,0.6724,137650803.2558894,0.69,0.69,566254419.9592831,-0.0,81925722.4132483,0.4316
131,16639068.505330447,0.6374,0.6374,339352569.97763896,0.6964,0.6964,527938206.54485023,0.6805,0.6805,94128645.85506898,0.6398,0.6398,47066959.72755568,0.6433,0.6433,99494578.32383323,0.6752,0.6752,146532242.82023442,0.6896,0.6896,568668715.3410932,-0.0,59259794.58470588,0.4317
132,22063803.317909375,0.6389,0.6389,358906580.1089992,0.7005,0.7005,539693653.0821619,0.6786,0.6786,95805965.09182647,0.6411,0.6411,55162084.82418256,0.647,0.647,110703931.5410494,0.6773,0.6773,168640938.31146112,0.6839,0.6839,586590398.18097,-0.0,37493847.348519206,0.4316
133,37008367.45883252,0.6496,0.6496,363449496.6545945,0.7042,0.7042,542011813.0653613,0.6833,0.6833,100883043.0804057,0.6386,0.6386,77873954.04587004,0.6465,0.6465,115470798.79407245,0.6877,0.6877,203100610.71274424,0.6866,0.6866,612940993.0898306,-0.0,41020250.44908096,0.4312
134,47462434.82330192,0.6527,0.6527,329137957.42075706,0.7109,0.7109,480077692.90619177,0.6923,0.6923,91337741.58030328,0.6438,0.6438,83315540.48439428,0.6489,0.6489,96380871.77599202,0.6985,0.6985,203888334.60591632,0.6925,0.6925,582232157.3304994,-0.0,71089076.39754735,0.4312
135,82925640.49115647,0.6606,0.6606,298002687.2922988,0.7169,0.7169,402686270.6051683,0.6975,0.6975,69945165.03363417,0.647,0.647,84044128.9928682,0.6485,0.6485,78316253.72792469,0.7038,0.7038,201002415.6373638,0.7031,0.7031,537566265.7524008,-0.0,109389699.07243317,0.4312
136,117300396.61932911,0.6681,0.6681,265978724.24481365,0.7238,0.7238,341483709.8244833,0.6997,0.6997,58591019.39885776,0.6553,0.6553,83826939.9086954,0.6495,0.6495,61718055.918980375,0.7092,0.7092,184275643.60121316,0.7056,0.7056,502101431.795707,-0.0,177848300.7084554,0.4312
137,150883545.28801674,0.6743,0.6743,246804556.88011864,0.7256,0.7256,279830592.3997777,0.6994,0.6994,38694646.37921924,0.6571,0.6571,86473569.41025217,0.6496,0.6496,47834488.9354171,0.7098,0.7098,190037189.0014269,0.7048,0.7048,436770069.14499813,-0.0,259108183.41863757,0.4316
138,183193038.92732432,0.6718,0.6718,188132973.4525401,0.7228,0.7228,181920021.72668934,0.6978,0.6978,36656779.59492017,0.657,0.657,73648255.28910987,0.6432,0.6432,31711447.457761135,0.7085,0.7085,167038631.88527775,0.6981,0.6981,322440231.0375396,-0.0,323750138.2477005,0.4317
139,190699124.0902689,0.6703,0.6703,122083501.68856598,0.7214,0.7214,66197024.371001765,0.6987,0.6987,24796336.10628412,0.6538,0.6538,55601262.47032772,0.6384,0.6384,9795238.376687376,0.7091,0.7091,117936504.76109926,0.6962,0.6962,157750963.5572035,-0.0,328206525.1632544,0.4316
140,173128187.75308755,0.6654,0.6654,144497526.21619955,0.7254,0.7254,156018253.9820197,0.6973,0.6973,42805287.67292817,0.6574,0.6574,64606093.193918,0.6431,0.6431,34543937.826154284,0.7095,0.7095,119581110.02949111,0.6918,0.6918,264595604.9035652,-0.0,323073815.31005216,0.4312
141,158561622.58813727,0.6692,0.6692,184875469.47371438,0.7245,0.7245,246532320.56248108,0.6984,0.6984,63405138.95047307,0.6603,0.6603,73641803.38825434,0.6446,0.6446,64429215.05690123,0.7101,0.7101,126119511.27626368,0.694,0.694,382542029.9059281,-0.0,319521800.5456714,0.4312
142,137050140.96344012,0.6663,0.6663,210817122.44779375,0.7217,0.7217,362718599.3096532,0.696,0.696,86530158.35764128,0.661,0.661,74295051.28585666,0.6497,0.6497,105039150.77999948,0.7101,0.7101,130187632.97466882,0.6871,0.6871,474784818.57258135,-0.0,287933962.6166356,0.4312
143,124386991.07224281,0.6664,0.6664,254077667.051232,0.7202,0.7202,471865922.5304788,0.698,0.698,125187491.5221382,0.6593,0.6593,97477888.64682499,0.6505,0.6505,156538416.57956707,0.7078,0.7078,157082048.1400011,0.6884,0.6884,647209104.5049192,-0.0,277805536.4709497,0.4312
144,94034471.14779903,0.6651,0.6651,275696883.4588934,0.72,0.72,534308059.84615296,0.7006,0.7006,136676567.9330751,0.6622,0.6622,103402845.97533633,0.6521,0.6521,169855125.4772604,0.7106,0.7106,152284689.61993602,0.6864,0.6864,697109182.7534544,-0.0,233196960.92042014,0.4316
145,69662990.82655619,0.6688,0.6688,289810688.79917014,0.7177,0.7177,603489547.4950889,0.6991,0.6991,145493153.56207192,0.6642,0.6642,106637655.94191101,0.6507,0.6507,182645022.81653535,0.7084,0.7084,151892197.57736942,0.6841,0.6841,735794074.2083615,-0.0,158063559.50028592,0.4317
146,57465399.95243374,0.6672,0.6672,303932388.0067309,0.7101,0.7101,626491489.9418197,0.6965,0.6965,146797873.96515563,0.6589,0.6589,114801743.47236684,0.6496,0.6496,173684113.99145386,0.7058,0.7058,154313608.16912803,0.6828,0.6828,760263723.3175054,-0.0,129593071.59035577,0.4316
147,56839956.28986984,0.6671,0.6671,344800696.845533,0.7144,0.7144,663202739.7964997,0.6966,0.6966,146161922.27485195,0.6605,0.6605,123636816.68903998,0.6484,0.6484,174937221.01571223,0.71,0.71,170750741.12572196,0.6836,0.6836,812977893.0833538,-0.0,128592942.72257774,0.4312
148,64247076.53400347,0.6679,0.6679,376489447.6807638,0.7168,0.7168,689520516.069996,0.6887,0.6887,147814343.7621543,0.6618,0.6618,124435060.99328698,0.6501,0.6501,177357520.73124716,0.7009,0.7009,190443519.93149826,0.6793,0.6793,900297171.8081805,-0.0,141210454.29449,0.4312
149,79194374.82235105,0.6679,0.6679,412225039.55459565,0.7166,0.7166,707973239.6532773,0.6811,0.6811,155289043.0680947,0.6588,0.6588,120858392.70446621,0.6491,0.6491,183015140.17014143,0.6988,0.6988,204515948.4846974,0.6664,0.6664,948251337.434372,-0.0,178221509.69458702,0.4312
150,106093404.72968134,0.6584,0.6584,454572130.2963318,0.7171,0.7171,713739863.2269357,0.6793,0.6793,175242999.61081842,0.6521,0.6521,118495535.86590315,0.6504,0.6504,182737512.59283617,0.6945,0.6945,225832088.41252354,0.6638,0.6638,958378322.2951556,-0.0,248601672.75640708,0.4312
151,121139421.5920019,0.6558,0.6558,430625806.7681043,0.7162,0.7162,588339015.5306724,0.6757,0.6757,187128150.07636988,0.6487,0.6487,98193542.00594753,0.6488,0.6488,154715027.12582758,0.6928,0.6928,212399359.93630347,0.6617,0.6617,899839352.1658442,-0.0,272010824.49631286,0.4316
152,95549907.67005435,0.6574,0.6574,293270787.7269088,0.7176,0.7176,405872243.7109479,0.6713,0.6713,144075290.2262662,0.6426,0.6426,52924009.14484303,0.6471,0.6471,99815417.43029627,0.6928,0.6928,136030558.25889632,0.6582,0.6582,597885648.3772769,-0.0,216318521.45275816,0.4317
153,77958528.11763367,0.6577,0.6577,169139369.85263246,0.7157,0.7157,188997401.7156056,0.6738,0.6738,80872014.80435619,0.6467,0.6467,27765691.971885443,0.6508,0.6508,47780645.20926184,0.698,0.698,86835426.2267547,0.6612,0.6612,367106143.3889535,-0.0,200091713.0971169,0.4316
154,75469643.99497359,0.6649,0.6649,172079565.43313706,0.7168,0.7168,179357658.14301646,0.6807,0.6807,77091517.33233649,0.6429,0.6429,30042999.89068436,0.648,0.648,45530425.757635154,0.6958,0.6958,95645267.98738708,0.6708,0.6708,364023659.63703877,-0.0,204080385.4609785,0.4312
155,78128329.11591555,0.666,0.666,192490238.73103303,0.7198,0.7198,184088728.36400276,0.682,0.682,91147947.67124905,0.645,0.645,34833352.73952206,0.6446,0.6446,43917816.84851383,0.6882,0.6882,113864438.0544574,0.6647,0.6647,392175682.08686024,-0.0,205377580.02590388,0.4312
156,80680410.74094507,0.6658,0.6658,189398796.4167206,0.7235,0.7235,183489782.1461286,0.6879,0.6879,94571254.72469853,0.6532,0.6532,32046578.549999796,0.6497,0.6497,44383236.04363283,0.6894,0.6894,113663631.799476,0.6686,0.6686,398260317.89271986,-0.0,210198960.8659369,0.4312
157,80641262.82496911,0.6647,0.6647,195446999.65335494,0.7229,0.7229,180690044.81784624,0.6874,0.6874,101624840.4756554,0.6483,0.6483,34527964.37708167,0.6495,0.6495,45944542.99261263,0.6924,0.6924,130259308.5356943,0.6642,0.6642,419024491.64485306,-0.0,222857490.0915073,0.4312
158,67522854.36626862,0.6693,0.6693,171275176.1437806,0.7253,0.7253,159909512.13461745,0.6903,0.6903,101212442.94788782,0.6492,0.6492,32483654.58319858,0.651,0.651,42479431.57215293,0.6923,0.6923,116478548.60936499,0.6672,0.6672,378078478.80238765,-0.0,205509335.68215248,0.4316
159,69949497.50655249,0.6665,0.6665,162308656.64466584,0.7251,0.7251,169225909.82073846,0.692,0.692,115435019.12659453,0.6469,0.6469,45939387.89900077,0.651,0.651,49648462.58757203,0.6919,0.6919,125402456.49902818,0.6666,0.6666,360368619.3743153,-0.0,200560333.54153967,0.4317
160,59778565.18019193,0.6699,0.6699,132528429.8754753,0.725,0.725,142577249.98684815,0.6944,0.6944,123123718.13008665,0.6507,0.6507,60449201.85095426,0.6491,0.6491,48944703.193844035,0.6881,0.6881,113055855.73460196,0.6715,0.6715,263018748.03660053,-0.0,148400222.73078647,0.4316
161,65321268.782300085,0.6705,0.6705,127641948.10015963,0.7208,0.7208,134093327.0684588,0.6915,0.6915,143668310.31859916,0.6454,0.6454,70912051.84870997,0.6468,0.6468,59048969.9210412,0.6782,0.6782,133287905.84817058,0.6697,0.6697,232996544.65672,-0.0,128232491.94997351,0.4312
162,85332382.76064995,0.6654,0.6654,122216312.01469356,0.716,0.716,139446920.84814906,0.6945,0.6945,166847151.17717126,0.6397,0.6397,115058232.57600453,0.6502,0.6502,78337082.41250218,0.6834,0.6834,158908816.430115,0.6717,0.6717,272226113.0620426,-0.0,139171115.54010984,0.4312
163,98904060.42928876,0.6612,0.6612,130413645.30994624,0.7071,0.7071,154276551.93964726,0.6934,0.6934,202136011.05018842,0.6282,0.6282,132683121.5643011,0.6437,0.6437,103587777.91498607,0.6793,0.6793,173748383.258537,0.6748,0.6748,317616542.005437,-0.0,171869152.89260095,0.4312
164,119124801.73863769,0.6599,0.6599,134277433.7551573,0.7078,0.7078,159799196.48864684,0.69,0.69,237728363.03321788,0.6307,0.6307,146338595.8441744,0.6414,0.6414,122379802.90109858,0.6795,0.6795,178766546.64873612,0.6742,0.6742,309463139.3554701,-0.0,195484194.12176564,0.4312
165,132925612.37902376,0.6605,0.6605,143639184.03944057,0.7063,0.7063,164328824.73332274,0.688,0.688,267119407.97397926,0.6277,0.6277,153702506.59171572,0.6427,0.6427,131626778.22860193,0.6784,0.6784,199378770.80089188,0.6734,0.6734,346092821.4754868,-0.0,223861059.5541286,0.4316
166,133172712.05288266,0.6609,0.6609,141781361.0437345,0.7037,0.7037,166362265.2847759,0.686,0.686,308122162.9748634,0.6226,0.6226,159195190.29326788,0.6422,0.6422,143838875.0672555,0.6753,0.6753,193735424.92443135,0.6711,0.6711,340057410.6000503,-0.0,201690366.54089084,0.4317
167,118762244.12154914,0.649,0.649,125684255.07154013,0.6997,0.6997,154668829.33828813,0.67,0.67,325219107.746406,0.6097,0.6097,147788513.915503,0.6337,0.6337,140519077.65417048,0.665,0.665,164195413.55015805,0.6606,0.6606,323444882.16571695,-0.0,178277507.51476082,0.4316
168,103147138.53970711,0.6596,0.6596,102068870.57762483,0.7158,0.7158,130445169.31679082,0.6756,0.6756,269151117.29973537,0.6265,0.6265,128102754.01949951,0.6392,0.6392,125663967.65001033,0.6716,0.6716,135239852.06871483,0.6617,0.6617,251467236.25037163,-0.0,162323994.8192213,0.4312
169,89000158.54859453,0.6616,0.6616,90843796.46998337,0.721,0.721,120179186.33441764,0.6817,0.6817,237186606.07559144,0.6327,0.6327,114097995.11448233,0.6443,0.6443,106881012.5872071,0.6798,0.6798,119035218.08953688,0.668,0.668,210125445.0830339,-0.0,134543616.99960306,0.4312
170,80276799.41304466,0.6636,0.6636,80299103.59347822,0.7195,0.7195,99615487.9291077,0.6822,0.6822,185025981.3445117,0.6309,0.6309,96627901.97609915,0.6452,0.6452,80750661.71962386,0.6789,0.6789,91654272.61999498,0.6685,0.6685,170970592.41604182,-0.0,123646594.96730724,0.4312
171,55903096.38140629,0.6661,0.6661,67123887.36554374,0.7196,0.7196,72876854.92176901,0.6812,0.6812,127397811.69486052,0.6318,0.6318,72876499.95811377,0.6447,0.6447,52518626.16593023,0.6778,0.6778,72682247.14529386,0.668,0.668,112713455.64407475,-0.0,104919055.00591128,0.4312
172,37463114.47113364,0.6628,0.6628,57728900.38473929,0.7161,0.7161,64889290.44249727,0.6775,0.6775,76041768.1076075,0.6286,0.6286,49214919.276501976,0.6462,0.6462,36167886.72534825,0.679,0.679,50463912.19869089,0.6668,0.6668,75707252.54048406,-0.0,104289071.99635506,0.4316
173,37807076.551934905,0.6664,0.6664,61040384.080569014,0.7177,0.7177,71906542.65466094,0.6779,0.6779,53006714.5358213,0.6314,0.6314,51496587.97463787,0.6458,0.6458,29299467.060092207,0.6777,0.6777,47913262.10765541,0.6693,0.6693,68763953.76266457,-0.0,111952602.65083817,0.4317
174,39535926.61491776,0.665,0.665,66143561.838428214,0.7211,0.7211,76960712.40596591,0.6779,0.6779,43556726.516758986,0.6383,0.6383,55803028.26372322,0.646,0.646,30093664.161758903,0.681,0.681,51560479.61905524,0.6665,0.6665,61433296.80081658,-0.0,140056020.88008642,0.4316
175,41043834.11791193,0.6662,0.6662,66753603.8049515,0.7172,0.7172,80053433.35387994,0.679,0.679,38106819.688705474,0.6389,0.6389,56047828.92068575,0.651,0.651,28199587.359967805,0.6864,0.6864,52449199.456833474,0.6681,0.6681,58783188.06281197,-0.0,147440497.96646732,0.4312
176,42055230.31195727,0.662,0.662,66055752.474007525,0.7158,0.7158,76764968.3299469,0.6779,0.6779,40466352.045758635,0.6395,0.6395,48761970.07060837,0.6514,0.6514,28919876.109831467,0.6864,0.6864,48374200.81614988,0.6661,0.6661,54946594.0947353,-0.0,143773046.96806777,0.4312
177,37577949.67554599,0.6616,0.6616,55769360.75768724,0.7156,0.7156,56317652.46040439,0.6773,0.6773,39370645.00238759,0.6505,0.6505,39949552.79680716,0.6558,0.6558,27392398.21255466,0.6843,0.6843,42503929.505454764,0.6672,0.6672,39067527.15737907,-0.0,117411503.44419307,0.4312
178,33705083.17479484,0.6706,0.6706,50706351.51585837,0.7203,0.7203,43219106.755680546,0.6835,0.6835,37720945.707147546,0.6527,0.6527,35839452.47769921,0.6569,0.6569,26815241.06066024,0.6855,0.6855,45112080.588799074,0.6728,0.6728,47488970.41668541,-0.0,122642810.00859457,0.4312
179,27001454.061269287,0.6694,0.6694,41805985.7307193,0.7203,0.7203,29631576.751562893,0.6856,0.6856,35881588.75876469,0.6585,0.6585,31723284.37386924,0.6593,0.6593,28762094.538250662,0.6828,0.6828,38501760.663577184,0.6739,0.6739,46884860.4467553,-0.0,97727072.74083607,0.4316
180,12624659.356863886,0.6658,0.6658,16856766.676342253,0.715,0.715,10945774.620998584,0.6832,0.6832,21965018.12399642,0.6583,0.6583,11010374.353150738,0.6598,0.6598,18183532.72244254,0.6792,0.6792,13865873.355213318,0.6662,0.6662,30514801.177966937,-0.0,62701274.78681515,0.4317
181,9093692.526005754,0.6594,0.6594,15092631.422661064,0.7147,0.7147,11194062.982881725,0.689,0.689,5490637.2292971825,0.6644,0.6644,5688025.795915644,0.6612,0.6612,17569947.26719202,0.6804,0.6804,8799332.902343603,0.6657,0.6657,26165549.992040142,-0.0,60583895.81093753,0.4316
182,17237820.363273367,0.6572,0.6572,28218563.72436972,0.7079,0.7079,25131756.96155302,0.687,0.687,18886630.81625617,0.6627,0.6627,9752083.32839485,0.6584,0.6584,22223222.35674188,0.6749,0.6749,11631501.236310216,0.6618,0.6618,38481599.142211676,-0.0,59444099.687666245,0.4312
183,24353690.292032123,0.6515,0.6515,38313379.41594748,0.6967,0.6967,34957356.697395615,0.6755,0.6755,29871129.908166204,0.6584,0.6584,12837685.840746757,0.6554,0.6554,27744827.70156077,0.6637,0.6637,11595328.770893138,0.6481,0.6481,48222257.48463074,-0.0,51316460.06014779,0.4312
184,25303588.052263696,0.6529,0.6529,39832135.71070714,0.6987,0.6987,34886248.69003563,0.6777,0.6777,31178405.194436833,0.6592,0.6592,12862668.752586165,0.656,0.656,28000820.013034765,0.6699,0.6699,12943123.394863475,0.6548,0.6548,47880591.853529446,-0.0,41620558.82864433,0.4312
185,26408876.95717662,0.6548,0.6548,42345545.50737994,0.7003,0.7003,35484841.7969583,0.6887,0.6887,31058989.190466825,0.6613,0.6613,11969302.33339896,0.659,0.659,28027401.862769846,0.6798,0.6798,15587957.780215086,0.6667,0.6667,54902137.081230074,-0.0,34368256.18649387,0.4312
186,30307778.228375908,0.6582,0.6582,44292964.06180907,0.7063,0.7063,36351889.47380941,0.6926,0.6926,27222403.090571478,0.6638,0.6638,18328558.460795328,0.6591,0.6591,24583733.62556757,0.6819,0.6819,15503210.088305883,0.6711,0.6711,53920596.909082256,-0.0,45783529.19294834,0.4316
187,29397285.747129865,0.6586,0.6586,41886304.95987936,0.7047,0.7047,35756843.847056314,0.6914,0.6914,27042561.394209597,0.6583,0.6583,18913290.718581386,0.661,0.661,24411113.899579205,0.6851,0.6851,16919541.400690902,0.6744,0.6744,59806243.219366305,-0.0,47705165.15967408,0.4317
188,29449800.821108326,0.6554,0.6554,38160183.79139719,0.6981,0.6981,33226175.562545612,0.6876,0.6876,26061216.53115674,0.6523,0.6523,22220715.60798478,0.6588,0.6588,23656815.03217353,0.6869,0.6869,16673118.042235821,0.6692,0.6692,60910073.41826863,-0.0,68348944.02337718,0.4316
189,30853558.48872853,0.6538,0.6538,41285333.18537737,0.7021,0.7021,33046783.850446146,0.6868,0.6868,26498853.462600604,0.6535,0.6535,27377975.88950067,0.6574,0.6574,23960309.79178363,0.6897,0.6897,16574694.067628743,0.6682,0.6682,58560440.80465397,-0.0,84802893.28127617,0.4312
190,27783150.375352636,0.6535,0.6535,30805377.30794726,0.6986,0.6986,28447255.87185611,0.6844,0.6844,24143612.97604567,0.6525,0.6525,29885637.166316815,0.6542,0.6542,23407351.98213464,0.6879,0.6879,16252128.369850386,0.664,0.664,58350274.13412482,-0.0,86388436.64534225,0.4312
191,31258077.611519136,0.6602,0.6602,62466101.64510587,0.7064,0.7064,60108669.367053196,0.6868,0.6868,46378300.48536355,0.6572,0.6572,39194876.25377752,0.6536,0.6536,39914699.13700395,0.6982,0.6982,29110066.489066355,0.6722,0.6722,124268658.38266556,-0.0,102606650.85529478,0.4312
192,47058009.54290533,0.657,0.657,108510563.00186414,0.7091,0.7091,126559792.30504611,0.691,0.691,111817426.49960162,0.6641,0.6641,52391753.22248636,0.659,0.659,82222964.28470232,0.7057,0.7057,49369343.47376946,0.6727,0.6727,195166558.94202173,-0.0,113059825.69285057,0.4312
193,59657844.8935024,0.6555,0.6555,139581206.24430403,0.7075,0.7075,164639354.85959613,0.6941,0.6941,153964297.82047474,0.6561,0.6561,59418245.09816968,0.6565,0.6565,100811598.20273447,0.7091,0.7091,56641364.01449461,0.6722,0.6722,225506250.86194322,-0.0,112796714.64773323,0.4316
194,63506905.66820073,0.65,0.65,143565012.9123481,0.7075,0.7075,176542024.9660417,0.6946,0.6946,181503338.53047508,0.6548,0.6548,57957551.81408779,0.6538,0.6538,110775645.75949481,0.7094,0.7094,58032979.739673704,0.6763,0.6763,272918252.2622885,-0.0,105493336.71216634,0.4317
195,64595597.755665064,0.6495,0.6495,141811522.562141,0.6977,0.6977,173904999.2048909,0.6875,0.6875,186557204.7981383,0.6474,0.6474,57910360.27434623,0.648,0.648,106378359.17637156,0.7055,0.7055,55749131.93541933,0.6731,0.6731,277109933.66373885,-0.0,95931149.10859972,0.4316
196,61105314.53479867,0.6434,0.6434,133301320.81821471,0.6934,0.6934,153606565.48398295,0.6841,0.6841,173050583.47997615,0.645,0.645,56355207.311188,0.6445,0.6445,92368038.2601837,0.7067,0.7067,51761167.96455145,0.6731,0.6731,241659770.20343307,-0.0,100340311.0281911,0.4312
197,60581246.06089489,0.6381,0.6381,130606568.78839193,0.6926,0.6926,143213995.3210295,0.6808,0.6808,143757370.25048086,0.641,0.641,70806788.82781908,0.6418,0.6418,81662350.50138257,0.7055,0.7055,65872273.7500945,0.6679,0.6679,203679203.25651222,-0.0,105672587.69306135,0.4312
198,73814586.79464306,0.6379,0.6379,157625887.28653905,0.6869,0.6869,164191289.65970734,0.6809,0.6809,145751087.6882879,0.6409,0.6409,93910650.05212723,0.6397,0.6397,103432760.6322427,0.7057,0.7057,129864076.45223477,0.6661,0.6661,208864258.04163313,-0.0,123328352.64427035,0.4312
199,83032892.21930867,0.6433,0.6433,198483609.83148968,0.7001,0.7001,199056538.2880282,0.6826,0.6826,168522070.513041,0.6495,0.6495,121749374.34782495,0.6442,0.6442,132105389.4312128,0.7065,0.7065,192655425.9935734,0.6683,0.6683,237427033.01945475,-0.0,119976847.18929988,0.4312
